{
  "name": "my-orcamento",
  "version": "0.0.0",
  "scripts": {
    "ng": "ng",
    "start": "ng serve",
    "build": "ng build",
    "test": "ng test",
    "lint": "ng lint",
    "e2e": "ng e2e"
  },
  "private": true,
  "dependencies": {
    "@angular/animations": "~11.0.5",
    "@angular/cdk": "^11.0.3",
    "@angular/common": "~11.0.5",
    "@angular/compiler": "~11.0.5",
    "@angular/core": "~11.0.5",
    "@angular/forms": "~11.0.5",
    "@angular/platform-browser": "~11.0.5",
    "@angular/platform-browser-dynamic": "~11.0.5",
    "@angular/router": "~11.0.5",
    "chart.js": "^2.9.4",
    "date-fns": "^2.17.0",
    "primeflex": "^2.0.0",
    "primeicons": "^4.1.0",
    "primeng": "^11.1.0-rc.1",
    "rxjs": "~6.6.0",
    "tslib": "^2.0.0",
    "zone.js": "~0.10.2"
  },
  "devDependencies": {
    "@angular-devkit/build-angular": "~0.1100.5",
    "@angular/cli": "^11.2.9",
    "@angular/compiler-cli": "~11.0.5",
    "@types/jasmine": "~3.6.0",
    "@types/node": "^12.11.1",
    "codelyzer": "^6.0.0",
    "jasmine-core": "~3.6.0",
    "jasmine-spec-reporter": "~5.0.0",
    "karma": "~5.1.0",
    "karma-chrome-launcher": "~3.1.0",
    "karma-coverage": "~2.0.3",
    "karma-jasmine": "~4.0.0",
    "karma-jasmine-html-reporter": "^1.5.0",
    "protractor": "~7.0.0",
    "ts-node": "~8.3.0",
    "tslint": "~6.1.0",
    "typescript": "~4.0.2"
  }
}
