{
    "data": [
        {
            "id": 1,
            "cep": "38500190",
            "logradouro": "teste a",
            "complemento": "complemento a",
            "localidade": "localidade a",
            "uf": "MG",
            "bairro": "bairro a",
            "longitude":0,
            "latitude":0
        
        },
        {
            "id": 2,
            "cep": "18500190",
            "logradouro": "teste b",
            "complemento": "complemento b",
            "localidade": "localidade b",
            "uf": "MG",
            "bairro": "bairro B",
            "longitude":0,
            "latitude":0
        },
        {
            "id": 3,
            "cep": "38500191",
            "logradouro": "teste C",
            "complemento": "complemento C",
            "localidade": "localidade C",
            "uf": "MG",
            "bairro": "bairro C",
            "longitude":0,
            "latitude":0
        
        }
    ]
}